,airline_sentiment,tweet_coord,latitude,longitude
0,2,"40.74804263, -73.99295302",40.74804263,-73.99295302
1,0,"42.361016, -71.02000488",42.361016,-71.02000488
2,1,"33.94540417, -118.4062472",33.94540417,-118.4062472
3,0,"33.94209449, -118.40410103",33.94209449,-118.40410103
4,2,"33.2145038, -96.9321504",33.2145038,-96.9321504
5,1,"34.0219817, -118.38591198",34.0219817,-118.38591198
6,1,"33.57963333, -117.73024772",33.57963333,-117.73024772
7,0,"40.6413712, -73.78311558",40.6413712,-73.78311558
8,2,"36.08457854, -115.13780136",36.08457854,-115.13780136
9,1,"37.79374402, -122.39327564",37.79374402,-122.39327564
10,0,"26.074379, -80.1416831",26.074379,-80.1416831
11,2,"33.9469039, -118.40716847",33.9469039,-118.40716847
12,0,"51.04345575, -114.06071363",51.04345575,-114.06071363
13,1,"40.64662464, -73.77090177",40.64662464,-73.77090177
14,2,"33.94652852, -118.40766257",33.94652852,-118.40766257
15,2,"38.9128188, -77.00798226",38.9128188,-77.00798226
16,2,"32.84359605, -96.84910929",32.84359605,-96.84910929
17,0,"32.8437698, -96.84928399",32.8437698,-96.84928399
18,0,"26.06726717, -80.14433663",26.06726717,-80.14433663
19,2,"32.8454782, -96.8504585",32.8454782,-96.8504585
20,1,"39.24087254, -94.63994975",39.24087254,-94.63994975
21,2,"37.77465018, -122.44032176",37.77465018,-122.44032176
22,1,"33.94696831, -118.40747994",33.94696831,-118.40747994
23,0,"40.63767372, -74.11075451",40.63767372,-74.11075451
24,1,"40.78986648, -73.10068286",40.78986648,-73.10068286
25,2,"42.5696777, -71.42056878",42.5696777,-71.42056878
26,1,"37.80065252, -122.43857414",37.80065252,-122.43857414
27,1,"36.08546367, -115.31814055",36.08546367,-115.31814055
28,0,"19.43706642, -99.07927123",19.43706642,-99.07927123
29,2,"39.8621249, -104.6740909",39.8621249,-104.6740909
30,0,"52.59657643, -2.19877833",52.59657643,-2.19877833
31,1,"29.98386923, -95.33729612",29.98386923,-95.33729612
32,0,"29.98340611, -95.33682231",29.98340611,-95.33682231
33,0,"29.98350019, -95.33675519",29.98350019,-95.33675519
34,0,"29.98377529, -95.33756559",29.98377529,-95.33756559
35,0,"29.98350283, -95.33678993",29.98350283,-95.33678993
36,0,"29.98384925, -95.3374653",29.98384925,-95.3374653
37,0,"29.98372726, -95.33734532",29.98372726,-95.33734532
38,0,"29.98521945, -90.25215941",29.98521945,-90.25215941
39,0,"29.98698389, -90.25081767",29.98698389,-90.25081767
40,0,"29.98699328, -90.25081691",29.98699328,-90.25081691
41,0,"29.98878092, -90.25836915",29.98878092,-90.25836915
42,0,"29.9880285, -90.25781369",29.9880285,-90.25781369
43,0,"29.987463, -90.25860012",29.987463,-90.25860012
44,0,"29.98746669, -90.25862007",29.98746669,-90.25862007
45,2,"35.8057062, -78.7869445",35.8057062,-78.7869445
46,0,"52.48854137, -1.91022836",52.48854137,-1.91022836
47,0,"45.58711296, -122.58038932",45.58711296,-122.58038932
48,2,"59.38247253, 18.00789007",59.38247253,18.00789007
49,0,"32.86680572, -80.01338439",32.86680572,-80.01338439
50,1,"41.9785651, -87.90833965",41.9785651,-87.90833965
51,1,"53.36729431, -2.27861694",53.36729431,-2.27861694
52,0,"41.98202331, -87.90374263",41.98202331,-87.90374263
53,1,"37.7994546, -122.427629",37.7994546,-122.427629
54,0,"41.97777091, -87.90782014",41.97777091,-87.90782014
55,0,"41.88298649, -87.63403627",41.88298649,-87.63403627
56,1,"35.8056542, -78.786848",35.8056542,-78.786848
57,0,"33.9411179, -118.3972405",33.9411179,-118.3972405
58,0,"41.98191311, -87.80888924",41.98191311,-87.80888924
59,0,"39.85862444, -104.6768992",39.85862444,-104.6768992
60,2,"38.9470418, -77.4511456",38.9470418,-77.4511456
61,0,"41.97758714, -87.91388554",41.97758714,-87.91388554
62,2,"38.9470207, -77.4511745",38.9470207,-77.4511745
63,0,"40.68545235, -74.18374208",40.68545235,-74.18374208
64,1,"51.3228181, 5.3576138",51.3228181,5.3576138
65,0,"26.07324041, -80.14510971",26.07324041,-80.14510971
66,0,"40.69943599, -74.17868875",40.69943599,-74.17868875
67,0,"26.07694041, -80.13546475",26.07694041,-80.13546475
68,0,"40.6992418, -74.17884798",40.6992418,-74.17884798
69,0,"28.62111274, -81.29294408",28.62111274,-81.29294408
70,0,"40.69814396, -74.17906717",40.69814396,-74.17906717
71,0,"39.85790482, -104.67039013",39.85790482,-104.67039013
72,0,"39.85799572, -104.67056217",39.85799572,-104.67056217
73,0,"51.72050559, 8.72711201",51.72050559,8.72711201
74,0,"29.7420124, -95.5606921",29.7420124,-95.5606921
75,0,"40.6875448, -74.17714813",40.6875448,-74.17714813
76,0,"19.43493094, -99.18877967",19.43493094,-99.18877967
77,0,"29.7421541, -95.5600896",29.7421541,-95.5600896
78,0,"41.97745295, -87.91025951",41.97745295,-87.91025951
79,0,"41.97475934, -87.89040377",41.97475934,-87.89040377
80,2,"51.322819, 5.3576218",51.322819,5.3576218
81,0,"41.97474769, -87.89039148",41.97474769,-87.89039148
82,0,"41.97758466, -87.91065356",41.97758466,-87.91065356
83,0,"29.98788997, -95.34470061",29.98788997,-95.34470061
84,0,"45.52146907, -122.69810485",45.52146907,-122.69810485
85,0,"41.97495038, -87.89005988",41.97495038,-87.89005988
86,0,"29.98877308, -95.33846478",29.98877308,-95.33846478
87,0,"41.97883697, -87.90639116",41.97883697,-87.90639116
88,1,"45.67920767, -111.04847652",45.67920767,-111.04847652
89,0,"41.97888728, -87.90617197",41.97888728,-87.90617197
90,0,"33.64323551, -84.44248239",33.64323551,-84.44248239
91,1,"40.69450196, -74.1749219",40.69450196,-74.1749219
92,0,"39.24541389, -106.88172648",39.24541389,-106.88172648
93,2,"20.0615871, 110.18390431",20.0615871,110.18390431
94,0,"39.84911904, -104.67447584",39.84911904,-104.67447584
95,0,"36.08161548, -115.14959772",36.08161548,-115.14959772
96,1,"27.9746606, -82.5320172",27.9746606,-82.5320172
97,0,"45.67922537, -111.04823044",45.67922537,-111.04823044
98,0,"45.67922693, -111.04839797",45.67922693,-111.04839797
99,0,"45.67925887, -111.04844481",45.67925887,-111.04844481
100,0,"45.67912434, -111.04847959",45.67912434,-111.04847959
101,0,"29.98378319, -95.33473143",29.98378319,-95.33473143
102,1,"-38.0271635, 145.2112317",-38.0271635,145.2112317
103,1,"-38.0269936, 145.2110041",-38.0269936,145.2110041
104,0,"33.94077727, -118.39921036",33.94077727,-118.39921036
105,0,"29.9866693, -95.3382794",29.9866693,-95.3382794
106,0,"36.08655568, -115.1394417",36.08655568,-115.1394417
107,2,"41.92992293, -87.66944213",41.92992293,-87.66944213
108,2,"41.97890473, -87.91027352",41.97890473,-87.91027352
109,1,"41.9763291, -87.73856403",41.9763291,-87.73856403
110,2,"51.3228191, 5.3576225",51.3228191,5.3576225
111,0,"43.56768225, -116.22061173",43.56768225,-116.22061173
112,2,"38.95201335, -77.44443882",38.95201335,-77.44443882
113,2,"43.56764134, -116.22089932",43.56764134,-116.22089932
114,0,"39.8586527, -104.6718518",39.8586527,-104.6718518
115,0,"40.69672337, -74.17710665",40.69672337,-74.17710665
116,0,"47.4390828, -122.300713",47.4390828,-122.300713
117,0,"47.4389994, -122.3010208",47.4389994,-122.3010208
118,0,"39.85861469, -104.67233425",39.85861469,-104.67233425
119,1,"-37.8536992, 145.1106176",-37.8536992,145.1106176
120,0,"39.8586566, -104.6718497",39.8586566,-104.6718497
121,0,"39.8586593, -104.6718352",39.8586593,-104.6718352
122,0,"39.85873319, -104.67372668",39.85873319,-104.67372668
123,0,"37.83520596, -122.25460611",37.83520596,-122.25460611
124,0,"29.98704632, -95.3378275",29.98704632,-95.3378275
125,0,"29.98707518, -95.33783524",29.98707518,-95.33783524
126,0,"41.97862209, -87.91469774",41.97862209,-87.91469774
127,2,"41.97456785, -87.90563774",41.97456785,-87.90563774
128,2,"25.79104444, -80.27338351",25.79104444,-80.27338351
129,0,"39.99829207, -82.88085401",39.99829207,-82.88085401
130,0,"39.99814659, -82.88058383",39.99814659,-82.88058383
131,0,"38.94562938, -77.44400264",38.94562938,-77.44400264
132,1,"29.98872603, -95.3384666",29.98872603,-95.3384666
133,0,"29.98870677, -95.33845443",29.98870677,-95.33845443
134,0,"40.6941088, -74.17545854",40.6941088,-74.17545854
135,0,"39.99806982, -82.88439575",39.99806982,-82.88439575
136,1,"22.31355693, 113.92636768",22.31355693,113.92636768
137,0,"37.61980156, -122.38447633",37.61980156,-122.38447633
138,0,"33.94171725, -118.39844033",33.94171725,-118.39844033
139,0,"34.99254864, -80.92841859",34.99254864,-80.92841859
140,2,"37.61829369, -122.39192247",37.61829369,-122.39192247
141,1,"21.32911863, -157.91749165",21.32911863,-157.91749165
142,0,"38.95801195, -77.44365722",38.95801195,-77.44365722
143,0,"38.93770157, -77.4551004",38.93770157,-77.4551004
144,0,"37.61839686, -122.38751",37.61839686,-122.38751
145,0,"37.61926072, -122.38812564",37.61926072,-122.38812564
146,0,"38.95638224, -77.43898845",38.95638224,-77.43898845
147,0,"35.07067492, -80.7899648",35.07067492,-80.7899648
148,0,"43.60417384, -110.7362561",43.60417384,-110.7362561
149,0,"39.85760174, -104.66669625",39.85760174,-104.66669625
150,2,"26.07294988, -80.14147128",26.07294988,-80.14147128
151,0,"35.00096266, -80.87374938",35.00096266,-80.87374938
152,0,"35.00595547, -80.89437239",35.00595547,-80.89437239
153,2,"19.43010575, -99.18988829",19.43010575,-99.18988829
154,0,"19.41622708, -99.16143525",19.41622708,-99.16143525
155,0,"37.61782989, -122.39172299",37.61782989,-122.39172299
156,0,"37.61761896, -122.39164663",37.61761896,-122.39164663
157,0,"40.72476892, -74.09204213",40.72476892,-74.09204213
158,0,"18.47066766, -68.40014139",18.47066766,-68.40014139
159,0,"38.94291482, -77.44870496",38.94291482,-77.44870496
160,1,"31.27777976, 121.59340615",31.27777976,121.59340615
161,0,"33.84438223, -116.5516582",33.84438223,-116.5516582
162,0,"33.84445776, -116.55139365",33.84445776,-116.55139365
163,0,"40.73074756, -73.95248962",40.73074756,-73.95248962
164,0,"33.89611413, -84.33113356",33.89611413,-84.33113356
165,0,"33.89638659, -84.33108377",33.89638659,-84.33108377
166,0,"25.08347991, -77.3225763",25.08347991,-77.3225763
167,1,"42.3613256, -71.0167387",42.3613256,-71.0167387
168,2,"39.74529398, -104.99225976",39.74529398,-104.99225976
169,0,"18.47240961, -68.39941149",18.47240961,-68.39941149
170,0,"18.4729405, -68.39820768",18.4729405,-68.39820768
171,0,"18.47233225, -68.39941165",18.47233225,-68.39941165
172,1,"18.4710809, -68.39995916",18.4710809,-68.39995916
173,0,"43.59688282, -72.96820686",43.59688282,-72.96820686
174,0,"29.81532281, -95.40830048",29.81532281,-95.40830048
175,2,"41.9413787, -87.8932425",41.9413787,-87.8932425
176,2,"41.9808176, -87.9063373",41.9808176,-87.9063373
177,2,"41.9809313, -87.9063148",41.9809313,-87.9063148
178,0,"33.99585652, -117.35791469",33.99585652,-117.35791469
179,2,"33.94238375, -118.39906416",33.94238375,-118.39906416
180,2,"41.86591706, -87.6231238",41.86591706,-87.6231238
181,0,"41.86590405, -87.62282728",41.86590405,-87.62282728
182,0,"41.86589387, -87.62303178",41.86589387,-87.62303178
183,0,"39.77848558, -104.90007634",39.77848558,-104.90007634
184,0,"39.77390684, -104.84537303",39.77390684,-104.84537303
185,0,"39.83426941, -104.69960636",39.83426941,-104.69960636
186,0,"39.83426941, -104.69960636",39.83426941,-104.69960636
187,0,"41.86591215, -87.6231126",41.86591215,-87.6231126
188,0,"39.84913886, -104.67403666",39.84913886,-104.67403666
189,0,"40.71857786, -73.99426076",40.71857786,-73.99426076
190,0,"29.98498519, -95.3338971",29.98498519,-95.3338971
191,0,"40.71518191, -73.99595593",40.71518191,-73.99595593
192,0,"38.26810946, -82.12153441",38.26810946,-82.12153441
193,2,"37.61476852, -122.40521688",37.61476852,-122.40521688
194,0,"29.98384194, -95.33664018",29.98384194,-95.33664018
195,1,"40.64993239, -73.78249589",40.64993239,-73.78249589
196,2,"49.73717309, -96.67646776",49.73717309,-96.67646776
197,0,"29.98454639, -95.33856899",29.98454639,-95.33856899
198,0,"41.9653255, -87.87535719",41.9653255,-87.87535719
199,0,"37.78736562, -122.40865161",37.78736562,-122.40865161
200,2,"33.63992689, -84.44705534",33.63992689,-84.44705534
201,0,"33.64314381, -84.44252134",33.64314381,-84.44252134
202,0,"42.37525611, -71.24042938",42.37525611,-71.24042938
203,2,"43.68346133, -79.61394084",43.68346133,-79.61394084
204,2,"45.58977875, -122.59182952",45.58977875,-122.59182952
205,0,"28.34834331, -81.48581918",28.34834331,-81.48581918
206,1,"25.07815796, 55.13798672",25.07815796,55.13798672
207,0,"45.58986727, -122.59182577",45.58986727,-122.59182577
208,0,"37.6202411, -122.3883092",37.6202411,-122.3883092
209,1,"25.0779704, 55.13808289",25.0779704,55.13808289
210,0,"25.07772121, 55.13822432",25.07772121,55.13822432
211,1,"30.15481071, -95.43911291",30.15481071,-95.43911291
212,0,"25.0776918, 55.13824067",25.0776918,55.13824067
213,2,"29.98445184, -95.33224657",29.98445184,-95.33224657
214,0,"37.62025528, -122.38832698",37.62025528,-122.38832698
215,0,"40.62387603, -74.30164717",40.62387603,-74.30164717
216,1,"37.78194753, -122.43412918",37.78194753,-122.43412918
217,0,"37.62068265, -122.38816957",37.62068265,-122.38816957
218,2,"40.7868699, -111.9790833",40.7868699,-111.9790833
219,0,"40.69758992, -74.25047478",40.69758992,-74.25047478
220,1,"40.7697595, -111.974937",40.7697595,-111.974937
221,2,"33.82063563, -116.50768141",33.82063563,-116.50768141
222,0,"37.78508121, -122.41114577",37.78508121,-122.41114577
223,1,"40.71288929, -74.16612474",40.71288929,-74.16612474
224,0,"40.68612449, -74.18465897",40.68612449,-74.18465897
225,0,"40.69522398, -74.1760931",40.69522398,-74.1760931
226,1,"37.6205514, -122.3867929",37.6205514,-122.3867929
227,0,"40.69482181, -74.17458032",40.69482181,-74.17458032
228,0,"37.6209902, -122.3867265",37.6209902,-122.3867265
229,0,"37.6208766, -122.3867929",37.6208766,-122.3867929
230,0,"40.6867848, -74.18351089",40.6867848,-74.18351089
231,1,"34.06143413, -118.39787418",34.06143413,-118.39787418
232,1,"38.21327338, -85.76378195",38.21327338,-85.76378195
233,0,"38.94549594, -77.45193731",38.94549594,-77.45193731
234,2,"40.77395906, -73.8746932",40.77395906,-73.8746932
235,0,"37.63404103, -122.40313084",37.63404103,-122.40313084
236,0,"39.99869322, -82.88004055",39.99869322,-82.88004055
237,0,"37.99311597, -84.52114659",37.99311597,-84.52114659
238,0,"37.99311597, -84.52114659",37.99311597,-84.52114659
239,0,"39.99838284, -82.88068344",39.99838284,-82.88068344
240,0,"35.23908248, -120.64078264",35.23908248,-120.64078264
241,0,"35.23896405, -120.64046203",35.23896405,-120.64046203
242,2,"40.71517211, -74.01453422",40.71517211,-74.01453422
243,0,"37.61907, -122.38607",37.61907,-122.38607
244,0,"37.61821986, -122.38745399",37.61821986,-122.38745399
245,2,"35.8924655, -84.19243176",35.8924655,-84.19243176
246,1,"34.06979432, -117.57757056",34.06979432,-117.57757056
247,1,"13.71241507, 100.60468537",13.71241507,100.60468537
248,0,"34.06978184, -117.57752166",34.06978184,-117.57752166
249,0,"34.06071437, -117.59814212",34.06071437,-117.59814212
250,1,"1.3523078, 103.8637764",1.3523078,103.8637764
251,0,"38.78438914, -104.72749614",38.78438914,-104.72749614
252,1,"-33.87144962, 151.20821275",-33.87144962,151.20821275
253,0,"41.97826134, -87.91247425",41.97826134,-87.91247425
254,1,"35.21498347, -80.96071981",35.21498347,-80.96071981
255,1,"40.74389886, -74.12493599",40.74389886,-74.12493599
256,2,"29.98425706, -95.34407392",29.98425706,-95.34407392
257,0,"40.03395098, -105.24950187",40.03395098,-105.24950187
258,1,"41.98084325, -87.90939435",41.98084325,-87.90939435
259,0,"33.5089001, -112.02901444",33.5089001,-112.02901444
260,0,"38.94494175, -77.45367931",38.94494175,-77.45367931
261,0,"41.98160558, -87.90496847",41.98160558,-87.90496847
262,0,"39.85823091, -104.67802376",39.85823091,-104.67802376
263,0,"29.97877958, -95.33246329",29.97877958,-95.33246329
264,1,"37.62006843, -122.38822083",37.62006843,-122.38822083
265,0,"29.98605741, -90.25189405",29.98605741,-90.25189405
266,0,"33.75357228, -116.36206155",33.75357228,-116.36206155
267,0,"37.94357634, -121.69565906",37.94357634,-121.69565906
268,0,"33.75538818, -116.36197002",33.75538818,-116.36197002
269,0,"33.75536802, -116.36197857",33.75536802,-116.36197857
270,0,"40.79971517, -74.25960937",40.79971517,-74.25960937
271,0,"33.75539049, -116.36196163",33.75539049,-116.36196163
272,0,"37.62063433, -122.38946673",37.62063433,-122.38946673
273,0,"33.75539049, -116.36196163",33.75539049,-116.36196163
274,0,"27.98622757, -82.5414547",27.98622757,-82.5414547
275,0,"33.75348859, -116.36209633",33.75348859,-116.36209633
276,0,"33.75348859, -116.36209633",33.75348859,-116.36209633
277,2,"40.54989958, -111.90404484",40.54989958,-111.90404484
278,0,"36.08651969, -115.13942786",36.08651969,-115.13942786
279,0,"36.08652135, -115.13941959",36.08652135,-115.13941959
280,2,"34.01019938, -117.42860927",34.01019938,-117.42860927
281,0,"34.01352255, -117.44528297",34.01352255,-117.44528297
282,0,"41.9797415, -87.9099894",41.9797415,-87.9099894
283,0,"40.84018945, -73.93737649",40.84018945,-73.93737649
284,2,"38.88839871, -94.62041633",38.88839871,-94.62041633
285,1,"42.04836196, -87.74130154",42.04836196,-87.74130154
286,0,"40.69428253, -74.17219198",40.69428253,-74.17219198
287,0,"40.69429232, -74.17208436",40.69429232,-74.17208436
288,0,"37.61833841, -122.38389799",37.61833841,-122.38389799
289,0,"37.61859126, -122.38385699",37.61859126,-122.38385699
290,0,"45.58931882, -122.5959928",45.58931882,-122.5959928
291,1,"39.85861725, -104.67232956",39.85861725,-104.67232956
292,1,"39.85861339, -104.67232131",39.85861339,-104.67232131
293,0,"26.37852293, -81.78472152",26.37852293,-81.78472152
294,2,"39.85871934, -104.67371484",39.85871934,-104.67371484
295,0,"40.70773298, -74.17069948",40.70773298,-74.17069948
296,0,"40.70749747, -74.17084113",40.70749747,-74.17084113
297,2,"40.35805521, -111.78241283",40.35805521,-111.78241283
298,0,"37.62006843, -122.38822083",37.62006843,-122.38822083
299,1,"30.09009009, -95.64621813",30.09009009,-95.64621813
300,0,"38.9058375, -77.00423674",38.9058375,-77.00423674
301,0,"41.19758614, -73.76914167",41.19758614,-73.76914167
302,0,"41.1974934, -73.76920486",41.1974934,-73.76920486
303,2,"41.19747574, -73.76926201",41.19747574,-73.76926201
304,0,"41.78546237, -87.7430551",41.78546237,-87.7430551
305,0,"42.88502249, -85.52894527",42.88502249,-85.52894527
306,0,"38.30097379, -122.30180037",38.30097379,-122.30180037
307,0,"35.84808282, -78.66572751",35.84808282,-78.66572751
308,2,"42.3667769, -71.0170733",42.3667769,-71.0170733
309,0,"39.87778809, -75.23663363",39.87778809,-75.23663363
310,1,"39.64617884, -94.31618144",39.64617884,-94.31618144
311,2,"37.6177248, -122.3913514",37.6177248,-122.3913514
312,0,"37.6170841, -122.3877223",37.6170841,-122.3877223
313,1,"41.52066893, -81.21118788",41.52066893,-81.21118788
314,2,"39.50503682, -119.77382751",39.50503682,-119.77382751
315,0,"32.73154946, -117.19636508",32.73154946,-117.19636508
316,0,"42.3427148, -71.5504243",42.3427148,-71.5504243
317,0,"32.7156489, -117.1556388",32.7156489,-117.1556388
318,2,"33.43403712, -111.99678364",33.43403712,-111.99678364
319,0,"33.64079948, -84.4358346",33.64079948,-84.4358346
320,2,"32.85744983, -97.03548311",32.85744983,-97.03548311
321,2,"34.00646846, -118.48131246",34.00646846,-118.48131246
322,2,"40.76352814, -111.89191896",40.76352814,-111.89191896
323,0,"41.79410567, -87.74243312",41.79410567,-87.74243312
324,2,"33.51750182, -101.90914558",33.51750182,-101.90914558
325,2,"29.65283375, -95.275749",29.65283375,-95.275749
326,1,"40.91509493, -81.4367726",40.91509493,-81.4367726
327,0,"32.73284288, -117.19634507",32.73284288,-117.19634507
328,0,"40.91497406, -81.43686526",40.91497406,-81.43686526
329,2,"42.58417604, -83.1064707",42.58417604,-83.1064707
330,1,"42.58399752, -83.10630667",42.58399752,-83.10630667
331,1,"39.87875827, -75.23722854",39.87875827,-75.23722854
332,0,"30.27027027, -97.74064527",30.27027027,-97.74064527
333,2,"33.4338494, -111.9963312",33.4338494,-111.9963312
334,0,"33.00605781, -96.76519155",33.00605781,-96.76519155
335,0,"41.72810364, -71.43406677",41.72810364,-71.43406677
336,2,"34.7300769, -92.219814",34.7300769,-92.219814
337,1,"41.77838296, -87.7409109",41.77838296,-87.7409109
338,0,"38.84884095, -77.04207298",38.84884095,-77.04207298
339,2,"40.72845228, -80.08224442",40.72845228,-80.08224442
340,0,"36.12665696, -86.66953068",36.12665696,-86.66953068
341,0,"41.65451582, -70.61064187",41.65451582,-70.61064187
342,0,"39.87638268, -75.23929034",39.87638268,-75.23929034
343,0,"39.73217408, -105.0050626",39.73217408,-105.0050626
344,0,"39.1848041, -76.6787131",39.1848041,-76.6787131
345,1,"28.44752379, -81.46716587",28.44752379,-81.46716587
346,0,"39.1780768, -76.670155",39.1780768,-76.670155
347,0,"39.1766101, -76.6700606",39.1766101,-76.6700606
348,0,"39.1766101, -76.6700606",39.1766101,-76.6700606
349,0,"39.1765188, -76.6696894",39.1765188,-76.6696894
350,1,"39.1766716, -76.6694354",39.1766716,-76.6694354
351,0,"42.19881665, -83.3859395",42.19881665,-83.3859395
352,0,"39.1766628, -76.6694238",39.1766628,-76.6694238
353,0,"39.1766573, -76.669424",39.1766573,-76.669424
354,0,"28.43278708, -81.46990923",28.43278708,-81.46990923
355,0,"36.15093569, -115.27959887",36.15093569,-115.27959887
356,0,"39.17692138, -76.66929304",39.17692138,-76.66929304
357,0,"39.1799072, -76.6704455",39.1799072,-76.6704455
358,1,"39.1798687, -76.6707032",39.1798687,-76.6707032
359,0,"39.1799094, -76.6709767",39.1799094,-76.6709767
360,1,"29.6526846, -95.2787367",29.6526846,-95.2787367
361,0,"26.52778866, -81.75533052",26.52778866,-81.75533052
362,2,"38.90385896, -76.51625101",38.90385896,-76.51625101
363,1,"30.26196639, -97.75945775",30.26196639,-97.75945775
364,0,"41.81477378, -80.93644744",41.81477378,-80.93644744
365,2,"33.6839241, -117.8607358",33.6839241,-117.8607358
366,2,"30.30630631, -97.71394697",30.30630631,-97.71394697
367,2,"40.77512287, -73.86982237",40.77512287,-73.86982237
368,0,"41.30091858, -95.89873244",41.30091858,-95.89873244
369,0,"41.30204773, -95.9002533",41.30204773,-95.9002533
370,1,"35.12084166, -89.84738331",35.12084166,-89.84738331
371,0,"35.9807446, -115.0846183",35.9807446,-115.0846183
372,1,"40.2376266, -74.9171435",40.2376266,-74.9171435
373,2,"41.78959656, -87.74028015",41.78959656,-87.74028015
374,2,"38.73434659, -90.35501265",38.73434659,-90.35501265
375,0,"40.731704, -73.1724805",40.731704,-73.1724805
376,0,"41.93001697, -72.68496357",41.93001697,-72.68496357
377,0,"41.93015938, -72.68522399",41.93015938,-72.68522399
378,0,"33.93454129, -118.40270098",33.93454129,-118.40270098
379,0,"42.313473, -87.83530047",42.313473,-87.83530047
380,0,"33.1973379, -96.7573509",33.1973379,-96.7573509
381,1,"26.08232307, -80.16234879",26.08232307,-80.16234879
382,2,"33.67698231, -117.8647932",33.67698231,-117.8647932
383,0,"33.18882771, -96.64036423",33.18882771,-96.64036423
384,0,"40.774588, -73.8708903",40.774588,-73.8708903
385,0,"37.78915629, -122.4148408",37.78915629,-122.4148408
386,0,"36.08029523, -115.1466466",36.08029523,-115.1466466
387,1,"35.0557688, -78.9702049",35.0557688,-78.9702049
388,0,"32.8405223, -96.8149248",32.8405223,-96.8149248
389,1,"32.80223908, -117.2312804",32.80223908,-117.2312804
390,0,"39.29345234, -94.71996208",39.29345234,-94.71996208
391,2,"36.0931536, -86.6973554",36.0931536,-86.6973554
392,0,"36.1293776, -86.6699252",36.1293776,-86.6699252
393,0,"30.20650347, -97.74889927",30.20650347,-97.74889927
394,2,"34.0658388, -117.5711653",34.0658388,-117.5711653
395,1,"39.28859449, -76.61832385",39.28859449,-76.61832385
396,1,"41.24222981, -77.02647239",41.24222981,-77.02647239
397,1,"30.20654541, -97.74890436",30.20654541,-97.74890436
398,0,"29.98473682, -90.25978334",29.98473682,-90.25978334
399,0,"39.29372784, -94.71998281",39.29372784,-94.71998281
400,0,"39.86311565, -104.67610845",39.86311565,-104.67610845
401,2,"33.05776114, -96.78169517",33.05776114,-96.78169517
402,2,"28.43585235, -81.30356273",28.43585235,-81.30356273
403,2,"32.96225554, -96.80070994",32.96225554,-96.80070994
404,0,"33.94729153, -118.40186744",33.94729153,-118.40186744
405,0,"33.94729537, -118.40196951",33.94729537,-118.40196951
406,0,"39.17709903, -76.67124539",39.17709903,-76.67124539
407,2,"36.898315, -76.204491",36.898315,-76.204491
408,2,"29.65275101, -95.27596615",29.65275101,-95.27596615
409,0,"35.8271843, -87.43714049",35.8271843,-87.43714049
410,1,"27.9344812, -82.47401175",27.9344812,-82.47401175
411,1,"44.8741191, -93.22830677",44.8741191,-93.22830677
412,2,"38.97681463, -76.50266928",38.97681463,-76.50266928
413,1,"40.4871427, -112.011264",40.4871427,-112.011264
414,2,"30.43823709, -97.76632883",30.43823709,-97.76632883
415,0,"36.22640559, -86.82373437",36.22640559,-86.82373437
416,0,"25.7661538, -80.2517994",25.7661538,-80.2517994
417,0,"38.34274662, -122.32611925",38.34274662,-122.32611925
418,1,"41.28597403, -72.44456912",41.28597403,-72.44456912
419,0,"36.11159761, -86.7844525",36.11159761,-86.7844525
420,0,"40.71035967, -74.15721568",40.71035967,-74.15721568
421,2,"39.73167173, -86.3559619",39.73167173,-86.3559619
422,2,"36.14488928, -86.68739667",36.14488928,-86.68739667
423,0,"29.65350715, -95.26679505",29.65350715,-95.26679505
424,0,"33.42067535, -111.93155126",33.42067535,-111.93155126
425,1,"36.14487986, -86.68740641",36.14487986,-86.68740641
426,0,"40.65954723, -74.16986421",40.65954723,-74.16986421
427,0,"40.65958823, -74.16987822",40.65958823,-74.16987822
428,0,"40.65951726, -74.16980326",40.65951726,-74.16980326
429,0,"40.65947097, -74.16982402",40.65947097,-74.16982402
430,0,"40.65957477, -74.17018971",40.65957477,-74.17018971
431,2,"30.0554953, -95.1659332",30.0554953,-95.1659332
432,2,"36.0212589, -86.5447783",36.0212589,-86.5447783
433,0,"38.73693556, -90.35367062",38.73693556,-90.35367062
434,2,"38.98057249, -76.73463232",38.98057249,-76.73463232
435,2,"35.99558298, -78.89974547",35.99558298,-78.89974547
436,0,"41.79493709, -71.48004413",41.79493709,-71.48004413
437,0,"30.35571967, -87.27675562",30.35571967,-87.27675562
438,1,"38.56979708, -75.1096009",38.56979708,-75.1096009
439,1,"21.05483165, -86.78164351",21.05483165,-86.78164351
440,1,"40.70326657, -74.01106458",40.70326657,-74.01106458
441,2,"34.02763089, -118.49627894",34.02763089,-118.49627894
442,1,"34.02761838, -118.49646336",34.02761838,-118.49646336
443,2,"34.02764112, -118.49636416",34.02764112,-118.49636416
444,0,"42.3658858, -71.01423374",42.3658858,-71.01423374
445,1,"33.8191302, -118.1455457",33.8191302,-118.1455457
446,1,"42.36005288, -71.06315559",42.36005288,-71.06315559
447,1,"40.76262466, -73.73946148",40.76262466,-73.73946148
448,0,"40.76262285, -73.7394313",40.76262285,-73.7394313
449,2,"41.21681145, -73.12508256",41.21681145,-73.12508256
450,0,"51.54381448, -0.00116722",51.54381448,-0.00116722
451,0,"34.09548421, -81.20955847",34.09548421,-81.20955847
452,1,"42.3427056, -71.5504108",42.3427056,-71.5504108
453,2,"33.78310211, -84.21250227",33.78310211,-84.21250227
454,2,"42.35829164, -71.06163025",42.35829164,-71.06163025
455,2,"26.37067479, -80.10215823",26.37067479,-80.10215823
456,2,"41.06865736, -73.70398273",41.06865736,-73.70398273
457,1,"40.64579177, -73.77555571",40.64579177,-73.77555571
458,0,"41.06869526, -73.70402469",41.06869526,-73.70402469
459,1,"40.6467516, -73.77465033",40.6467516,-73.77465033
460,0,"40.64646872, -73.77594979",40.64646872,-73.77594979
461,0,"26.0713458, -80.146874",26.0713458,-80.146874
462,1,"13.07761455, -59.60542973",13.07761455,-59.60542973
463,0,"13.07787514, -59.6049865",13.07787514,-59.6049865
464,2,"33.7008468, -118.0192094",33.7008468,-118.0192094
465,1,"40.64682076, -73.7823236",40.64682076,-73.7823236
466,0,"40.64485766, -73.78737261",40.64485766,-73.78737261
467,0,"42.36494288, -71.01451482",42.36494288,-71.01451482
468,2,"40.89343356, -74.29961359",40.89343356,-74.29961359
469,0,"40.85036847, -74.42575912",40.85036847,-74.42575912
470,0,"40.775248, -74.48253909",40.775248,-74.48253909
471,1,"40.77844416, -73.87477197",40.77844416,-73.87477197
472,0,"40.64797296, -73.77939249",40.64797296,-73.77939249
473,0,"40.64602261, -73.7762935",40.64602261,-73.7762935
474,1,"40.61883222, -74.015404",40.61883222,-74.015404
475,0,"40.61884429, -74.0153922",40.61884429,-74.0153922
476,0,"40.61878764, -74.01544319",40.61878764,-74.01544319
477,0,"40.61886457, -74.01535789",40.61886457,-74.01535789
478,1,"40.79874419, -73.82756667",40.79874419,-73.82756667
479,0,"40.6466862, -73.7769539",40.6466862,-73.7769539
480,0,"42.40805407, -88.62699707",42.40805407,-88.62699707
481,0,"40.7740308, -73.8674526",40.7740308,-73.8674526
482,2,"4.69840554, -74.14134323",4.69840554,-74.14134323
483,0,"32.73346632, -117.20410937",32.73346632,-117.20410937
484,0,"40.64646912, -73.79133606",40.64646912,-73.79133606
485,2,"38.6485933, -121.11740707",38.6485933,-121.11740707
486,0,"40.64646912, -73.79133606",40.64646912,-73.79133606
487,0,"40.64646912, -73.79133606",40.64646912,-73.79133606
488,2,"38.69255098, -121.58854512",38.69255098,-121.58854512
489,1,"25.05152514, -77.46620117",25.05152514,-77.46620117
490,2,"34.546788, -87.012305",34.546788,-87.012305
491,0,"40.65275545, -73.79457024",40.65275545,-73.79457024
492,0,"40.64779984, -73.78283404",40.64779984,-73.78283404
493,1,"42.36726898, -71.01512871",42.36726898,-71.01512871
494,0,"18.43615031, -66.00573829",18.43615031,-66.00573829
495,2,"40.67851205, -73.43465391",40.67851205,-73.43465391
496,2,"41.05811177, -73.53637216",41.05811177,-73.53637216
497,0,"40.64573089, -73.77655727",40.64573089,-73.77655727
498,2,"28.42301907, -81.29654204",28.42301907,-81.29654204
499,0,"40.64342444, -111.49392569",40.64342444,-111.49392569
500,0,"40.64339686, -111.49337274",40.64339686,-111.49337274
501,1,"40.88529232, -73.856635",40.88529232,-73.856635
502,0,"40.88539964, -73.85658056",40.88539964,-73.85658056
503,2,"40.7171667, -73.96415608",40.7171667,-73.96415608
504,1,"40.71716644, -73.96426215",40.71716644,-73.96426215
505,1,"43.3230125, -73.64314219",43.3230125,-73.64314219
506,1,"33.8117407, -118.1628",33.8117407,-118.1628
507,2,"26.07159064, -80.14770942",26.07159064,-80.14770942
508,0,"40.64530946, -73.77617682",40.64530946,-73.77617682
509,0,"40.64534568, -73.77609616",40.64534568,-73.77609616
510,0,"40.64531687, -73.77617765",40.64531687,-73.77617765
511,0,"40.64529157, -73.7761025",40.64529157,-73.7761025
512,1,"37.40321679, -121.96988433",37.40321679,-121.96988433
513,1,"38.91355311, -77.04169657",38.91355311,-77.04169657
514,2,"40.79248745, -111.98778056",40.79248745,-111.98778056
515,1,"40.64638899, -73.78399051",40.64638899,-73.78399051
516,0,"40.64656067, -73.78334045",40.64656067,-73.78334045
517,0,"40.64656067, -73.78334045",40.64656067,-73.78334045
518,0,"40.64656067, -73.78334045",40.64656067,-73.78334045
519,0,"40.64656067, -73.78334045",40.64656067,-73.78334045
520,0,"40.64656067, -73.78334045",40.64656067,-73.78334045
521,2,"40.64661043, -73.776003",40.64661043,-73.776003
522,0,"40.64719984, -73.77530956",40.64719984,-73.77530956
523,0,"40.64679403, -73.77516598",40.64679403,-73.77516598
524,1,"40.64679903, -73.7734517",40.64679903,-73.7734517
525,0,"40.64374009, -73.77678134",40.64374009,-73.77678134
526,0,"40.64490372, -73.77508276",40.64490372,-73.77508276
527,2,"42.36834942, -71.0152744",42.36834942,-71.0152744
528,0,"42.36833796, -71.01525742",42.36833796,-71.01525742
529,0,"40.63817554, -73.95630614",40.63817554,-73.95630614
530,0,"38.87982914, -77.11608667",38.87982914,-77.11608667
531,0,"33.81346953, -117.91426571",33.81346953,-117.91426571
532,1,"33.81391813, -117.92216895",33.81391813,-117.92216895
533,2,"40.64610291, -73.78666687",40.64610291,-73.78666687
534,0,"40.64527675, -73.7761654",40.64527675,-73.7761654
535,0,"40.64527481, -73.77615604",40.64527481,-73.77615604
536,0,"40.51809311, -74.48552378",40.51809311,-74.48552378
537,0,"40.51806327, -74.48518231",40.51806327,-74.48518231
538,1,"40.51270596, -74.48509319",40.51270596,-74.48509319
539,0,"40.64518126, -73.77582926",40.64518126,-73.77582926
540,0,"40.51794328, -74.48516831",40.51794328,-74.48516831
541,0,"40.64520088, -73.77587636",40.64520088,-73.77587636
542,0,"40.77471899, -73.86957658",40.77471899,-73.86957658
543,1,"46.14149629, -122.90609053",46.14149629,-122.90609053
544,0,"40.77460155, -73.86969694",40.77460155,-73.86969694
545,0,"41.71826065, -72.68689133",41.71826065,-72.68689133
546,2,"28.4261453, -81.2998841",28.4261453,-81.2998841
547,2,"18.22245647, -63.00369733",18.22245647,-63.00369733
548,2,"18.22245647, -63.00369733",18.22245647,-63.00369733
549,2,"18.22245747, -63.00369895",18.22245747,-63.00369895
550,0,"32.73130971, -117.20222555",32.73130971,-117.20222555
551,0,"18.44643543, -66.28345755",18.44643543,-66.28345755
552,0,"18.4465457, -66.28316651",18.4465457,-66.28316651
553,0,"32.99815682, -117.17405196",32.99815682,-117.17405196
554,0,"42.36604659, -71.01573889",42.36604659,-71.01573889
555,1,"40.64784472, -73.77710687",40.64784472,-73.77710687
556,0,"40.64656067, -73.78334045",40.64656067,-73.78334045
557,1,"46.16798631, -122.96616783",46.16798631,-122.96616783
558,1,"46.16788404, -122.96673513",46.16788404,-122.96673513
559,2,"40.78521842, -74.07232899",40.78521842,-74.07232899
560,2,"32.07301184, -81.09362691",32.07301184,-81.09362691
561,0,"35.21979387, -80.94498281",35.21979387,-80.94498281
562,2,"33.43720156, -111.99928786",33.43720156,-111.99928786
563,0,"40.6954621, -74.1733106",40.6954621,-74.1733106
564,0,"29.99135326, -95.52122091",29.99135326,-95.52122091
565,0,"29.99653598, -95.53874781",29.99653598,-95.53874781
566,2,"35.22177192, -80.92309308",35.22177192,-80.92309308
567,1,"38.95804042, -77.26190063",38.95804042,-77.26190063
568,1,"39.87010428, -75.2507858",39.87010428,-75.2507858
569,0,"42.2822248, -71.0378408",42.2822248,-71.0378408
570,0,"33.43588637, -111.99965664",33.43588637,-111.99965664
571,0,"33.43824974, -111.99987573",33.43824974,-111.99987573
572,0,"33.43790009, -111.99746652",33.43790009,-111.99746652
573,0,"35.21843964, -80.94253029",35.21843964,-80.94253029
574,0,"39.8805621, -75.23893393",39.8805621,-75.23893393
575,0,"39.88116058, -75.24031037",39.88116058,-75.24031037
576,0,"39.88024969, -75.2363937",39.88024969,-75.2363937
577,1,"33.6424884, -84.4325976",33.6424884,-84.4325976
578,0,"21.15194085, -86.82443877",21.15194085,-86.82443877
579,0,"40.49569523, -80.24513477",40.49569523,-80.24513477
580,0,"36.11203645, -115.17712729",36.11203645,-115.17712729
581,0,"33.80598632, -118.36571615",33.80598632,-118.36571615
582,0,"38.86411798, -77.0231684",38.86411798,-77.0231684
583,0,"32.43487013, -80.64150369",32.43487013,-80.64150369
584,0,"33.54774386, -86.75224256",33.54774386,-86.75224256
585,0,"39.8749399, -75.2407937",39.8749399,-75.2407937
586,0,"39.8749366, -75.2407972",39.8749366,-75.2407972
587,0,"21.15192481, -86.82441431",21.15192481,-86.82441431
588,0,"39.8749922, -75.24017448",39.8749922,-75.24017448
589,0,"39.87455718, -75.24082121",39.87455718,-75.24082121
590,0,"42.36184505, -71.02219492",42.36184505,-71.02219492
591,0,"43.19825137, -70.87335749",43.19825137,-70.87335749
592,0,"43.19830037, -70.87348793",43.19830037,-70.87348793
593,0,"43.19824341, -70.8733423",43.19824341,-70.8733423
594,0,"43.19872113, -70.87307422",43.19872113,-70.87307422
595,0,"42.74561865, -73.80942844",42.74561865,-73.80942844
596,1,"35.87642273, -78.79274566",35.87642273,-78.79274566
597,0,"35.87648539, -78.79266577",35.87648539,-78.79266577
598,1,"33.50528024, -86.81047219",33.50528024,-86.81047219
599,0,"40.85214382, -73.28567395",40.85214382,-73.28567395
600,0,"39.98272482, -86.22502919",39.98272482,-86.22502919
601,0,"37.78831231, -122.41007318",37.78831231,-122.41007318
602,0,"35.22358885, -80.95061712",35.22358885,-80.95061712
603,0,"35.21905941, -80.9426995",35.21905941,-80.9426995
604,0,"40.04903686, -75.1035816",40.04903686,-75.1035816
605,0,"39.87309176, -75.24413798",39.87309176,-75.24413798
606,0,"38.92102632, -76.9969392",38.92102632,-76.9969392
607,0,"39.52438256, -74.70144898",39.52438256,-74.70144898
608,0,"36.24269903, -86.10760197",36.24269903,-86.10760197
609,0,"25.7789761, -80.1353923",25.7789761,-80.1353923
610,0,"25.7789509, -80.1353866",25.7789509,-80.1353866
611,0,"39.05365524, -84.65487604",39.05365524,-84.65487604
612,0,"39.25956567, -76.70131545",39.25956567,-76.70131545
613,0,"39.87631844, -75.24302471",39.87631844,-75.24302471
614,0,"43.74167873, -79.3442243",43.74167873,-79.3442243
615,0,"34.00912984, -84.37154603",34.00912984,-84.37154603
616,0,"39.87355987, -75.24730884",39.87355987,-75.24730884
617,0,"39.87414824, -75.25238981",39.87414824,-75.25238981
618,0,"39.87414053, -75.25236332",39.87414053,-75.25236332
619,0,"40.04893741, -75.10344598",40.04893741,-75.10344598
620,0,"39.87372068, -75.24732898",39.87372068,-75.24732898
621,0,"35.2190054, -80.9427282",35.2190054,-80.9427282
622,0,"35.2191669, -80.9435256",35.2191669,-80.9435256
623,0,"40.04915451, -75.10364317",40.04915451,-75.10364317
624,0,"41.49092099, -81.71644934",41.49092099,-81.71644934
625,0,"33.43629607, -111.99894068",33.43629607,-111.99894068
626,0,"41.49090693, -81.71627307",41.49090693,-81.71627307
627,2,"41.72221977, -71.44574004",41.72221977,-71.44574004
628,0,"41.46454996, -81.70961875",41.46454996,-81.70961875
629,0,"41.46460532, -81.70957793",41.46460532,-81.70957793
630,2,"39.94624391, -75.17915216",39.94624391,-75.17915216
631,0,"39.90000449, -75.20693516",39.90000449,-75.20693516
632,0,"35.2238122, -80.9435393",35.2238122,-80.9435393
633,0,"34.16721397, -118.3453091",34.16721397,-118.3453091
634,0,"38.85580899, -77.04174148",38.85580899,-77.04174148
635,0,"38.90321224, -76.99583548",38.90321224,-76.99583548
636,1,"39.9692473, -75.1346431",39.9692473,-75.1346431
637,0,"38.18285051, -85.74225293",38.18285051,-85.74225293
638,1,"42.201792, -88.3376974",42.201792,-88.3376974
639,0,"42.2017895, -88.337723",42.2017895,-88.337723
640,0,"35.22257093, -80.93941664",35.22257093,-80.93941664
641,0,"34.16721627, -118.34537339",34.16721627,-118.34537339
642,0,"40.77265898, -73.86525922",40.77265898,-73.86525922
643,0,"51.4713252, -0.4674035",51.4713252,-0.4674035
644,0,"35.2203248, -80.94508344",35.2203248,-80.94508344
645,0,"38.86402742, -77.04855865",38.86402742,-77.04855865
646,0,"38.86432211, -77.04913451",38.86432211,-77.04913451
647,0,"39.8816419, -75.2475867",39.8816419,-75.2475867
648,0,"39.8744048, -75.24235009",39.8744048,-75.24235009
649,0,"29.99562368, -90.24376862",29.99562368,-90.24376862
650,1,"42.95012208, -87.90085158",42.95012208,-87.90085158
651,2,"42.95119138, -87.90117857",42.95119138,-87.90117857
652,0,"29.98442078, -90.25340271",29.98442078,-90.25340271
653,0,"29.99894707, -90.27229299",29.99894707,-90.27229299
654,0,"29.98730979, -90.25605983",29.98730979,-90.25605983
655,0,"40.74609464, -74.00636235",40.74609464,-74.00636235
656,2,"35.2204278, -80.94281752",35.2204278,-80.94281752
657,1,"33.79727578, -117.85043081",33.79727578,-117.85043081
658,2,"35.22209167, -80.95237732",35.22209167,-80.95237732
659,0,"35.22476994, -80.93932077",35.22476994,-80.93932077
660,0,"35.22447828, -80.93940943",35.22447828,-80.93940943
661,0,"35.22604872, -80.93863381",35.22604872,-80.93863381
662,2,"35.22123472, -80.93287633",35.22123472,-80.93287633
663,2,"35.21820752, -80.94527061",35.21820752,-80.94527061
664,0,"35.210373, -80.9538682",35.210373,-80.9538682
665,0,"41.15955496, -81.39767448",41.15955496,-81.39767448
666,0,"41.16013713, -81.39768211",41.16013713,-81.39768211
667,2,"41.16012493, -81.39760735",41.16012493,-81.39760735
668,0,"30.44405028, -84.23614305",30.44405028,-84.23614305
669,0,"30.44414315, -84.23627649",30.44414315,-84.23627649
670,0,"35.23185283, -80.96487203",35.23185283,-80.96487203
671,0,"43.0460116, -84.4795683",43.0460116,-84.4795683
672,0,"43.0460003, -84.4794566",43.0460003,-84.4794566
673,0,"35.22287836, -80.94056653",35.22287836,-80.94056653
674,0,"36.1036159, -115.16564",36.1036159,-115.16564
675,0,"35.22363719, -80.94045544",35.22363719,-80.94045544
676,0,"35.22347122, -80.94043272",35.22347122,-80.94043272
677,2,"27.96879606, -82.55192621",27.96879606,-82.55192621
678,0,"25.8801693, -80.14141202",25.8801693,-80.14141202
679,0,"35.22032317, -80.94508353",35.22032317,-80.94508353
680,0,"38.8639627, -77.0436015",38.8639627,-77.0436015
681,0,"38.8687568, -77.035652",38.8687568,-77.035652
682,2,"36.08576903, -115.14953095",36.08576903,-115.14953095
683,0,"40.6488643, -73.7944749",40.6488643,-73.7944749
684,0,"35.20346242, -80.92218024",35.20346242,-80.92218024
685,2,"36.08584875, -115.14968355",36.08584875,-115.14968355
686,0,"35.22643463, -80.93879965",35.22643463,-80.93879965
687,2,"37.78618135, -122.45742542",37.78618135,-122.45742542
688,1,"32.82813261, -97.25115941",32.82813261,-97.25115941
689,0,"40.69017276, -73.91646118",40.69017276,-73.91646118
690,0,"40.68994668, -73.91637642",40.68994668,-73.91637642
691,0,"40.69002464, -73.91638072",40.69002464,-73.91638072
692,0,"40.68996177, -73.91640136",40.68996177,-73.91640136
693,0,"34.0213466, -118.45229268",34.0213466,-118.45229268
694,0,"35.22643463, -80.93879965",35.22643463,-80.93879965
695,2,"37.78618135, -122.45742542",37.78618135,-122.45742542
696,1,"32.82813261, -97.25115941",32.82813261,-97.25115941
697,0,"40.69017276, -73.91646118",40.69017276,-73.91646118
698,0,"40.68994668, -73.91637642",40.68994668,-73.91637642
699,0,"40.69002464, -73.91638072",40.69002464,-73.91638072
700,0,"40.68996177, -73.91640136",40.68996177,-73.91640136
701,0,"32.8968169, -97.0618222",32.8968169,-97.0618222
702,1,"28.02034806, -82.52234293",28.02034806,-82.52234293
703,0,"40.78476286, -73.97029561",40.78476286,-73.97029561
704,0,"27.97575376, -82.53714356",27.97575376,-82.53714356
705,2,"41.06938783, -73.73394372",41.06938783,-73.73394372
706,0,"27.97628758, -82.53727303",27.97628758,-82.53727303
707,0,"39.29951964, -94.71192112",39.29951964,-94.71192112
708,1,"39.29381252, -94.71144036",39.29381252,-94.71144036
709,2,"33.8143379, -116.53572408",33.8143379,-116.53572408
710,0,"39.29275067, -94.70795218",39.29275067,-94.70795218
711,0,"42.18424338, -70.92464087",42.18424338,-70.92464087
712,0,"42.16481023, -70.88929237",42.16481023,-70.88929237
713,0,"30.32398902, -97.71081198",30.32398902,-97.71081198
714,1,"32.91792297, -97.00367737",32.91792297,-97.00367737
715,0,"32.91792297, -97.00367737",32.91792297,-97.00367737
716,0,"32.91792297, -97.00367737",32.91792297,-97.00367737
717,0,"42.01578804, -87.68332344",42.01578804,-87.68332344
718,2,"32.89959729, -97.03558888",32.89959729,-97.03558888
719,0,"40.7786084, -73.94979947",40.7786084,-73.94979947
720,0,"41.98051682, -87.73798602",41.98051682,-87.73798602
721,0,"40.77382001, -73.87315003",40.77382001,-73.87315003
722,1,"39.8893997, -75.219676",39.8893997,-75.219676
723,2,"32.9176348, -97.0163282",32.9176348,-97.0163282
724,2,"41.99335821, -87.91260807",41.99335821,-87.91260807
725,0,"32.92215312, -96.97563515",32.92215312,-96.97563515
726,0,"47.6171292, -122.2803409",47.6171292,-122.2803409
727,0,"41.95627333, -87.87860345",41.95627333,-87.87860345
728,0,"41.45858699, -81.86780822",41.45858699,-81.86780822
729,0,"41.45856783, -81.86763782",41.45856783,-81.86763782
730,0,"41.45862827, -81.86766456",41.45862827,-81.86766456
731,0,"25.79667815, -80.28050395",25.79667815,-80.28050395
732,0,"41.45875201, -81.86775899",41.45875201,-81.86775899
733,0,"36.29164025, -94.11796975",36.29164025,-94.11796975
734,0,"35.87658269, -78.79254351",35.87658269,-78.79254351
735,0,"41.45847861, -81.86764536",41.45847861,-81.86764536
736,0,"41.97367122, -87.89700781",41.97367122,-87.89700781
737,0,"35.17267919, -89.77001941",35.17267919,-89.77001941
738,0,"35.17282894, -89.76988366",35.17282894,-89.76988366
739,0,"35.17266822, -89.76993377",35.17266822,-89.76993377
740,0,"35.1728241, -89.76989935",35.1728241,-89.76989935
741,0,"35.17263842, -89.769988",35.17263842,-89.769988
742,0,"35.17279513, -89.76980671",35.17279513,-89.76980671
743,0,"41.97417744, -87.9004223",41.97417744,-87.9004223
744,2,"39.57991628, -105.94147157",39.57991628,-105.94147157
745,0,"31.93684422, -102.20753682",31.93684422,-102.20753682
746,0,"32.90431463, -97.03489789",32.90431463,-97.03489789
747,1,"34.02153389, -118.45231518",34.02153389,-118.45231518
748,2,"33.66642719, -117.88328444",33.66642719,-117.88328444
749,0,"35.46005368, -80.68267946",35.46005368,-80.68267946
750,0,"32.90425138, -97.02805207",32.90425138,-97.02805207
751,0,"34.0213466, -118.45229268",34.0213466,-118.45229268
752,0,"40.68625909, -74.17970876",40.68625909,-74.17970876
753,0,"39.60778027, -105.95470209",39.60778027,-105.95470209
754,1,"39.91337753, -75.3408263",39.91337753,-75.3408263
755,0,"34.02389944, -118.45541773",34.02389944,-118.45541773
756,0,"33.43417698, -111.99680158",33.43417698,-111.99680158
757,1,"30.441566, -84.281745",30.441566,-84.281745
758,1,"39.91370182, -75.3405344",39.91370182,-75.3405344
759,0,"34.09822952, -118.34307851",34.09822952,-118.34307851
760,2,"41.97629096, -87.89888444",41.97629096,-87.89888444
761,0,"52.51012486, -2.98098622",52.51012486,-2.98098622
762,0,"52.51012488, -2.98098624",52.51012488,-2.98098624
763,0,"28.35144756, -81.54358392",28.35144756,-81.54358392
764,0,"52.51012533, -2.98099904",52.51012533,-2.98099904
765,0,"32.78951797, -96.79891462",32.78951797,-96.79891462
766,0,"39.60813937, -105.9548521",39.60813937,-105.9548521
767,1,"10.42269832, -75.54540857",10.42269832,-75.54540857
768,0,"34.10971017, -118.32188864",34.10971017,-118.32188864
769,0,"34.10909961, -118.32361693",34.10909961,-118.32361693
770,0,"52.51022081, -2.98091961",52.51022081,-2.98091961
771,0,"33.43064352, -112.04521474",33.43064352,-112.04521474
772,0,"37.93712278, -107.81800496",37.93712278,-107.81800496
773,0,"41.97326595, -87.90025691",41.97326595,-87.90025691
774,0,"37.77414482, -122.43628588",37.77414482,-122.43628588
775,0,"37.93644673, -107.81832713",37.93644673,-107.81832713
776,0,"37.93609081, -107.81826687",37.93609081,-107.81826687
777,0,"37.93885695, -107.82069276",37.93885695,-107.82069276
778,1,"37.93882337, -107.82065521",37.93882337,-107.82065521
779,0,"37.93663309, -107.81820588",37.93663309,-107.81820588
780,0,"44.98157837, -93.23592187",44.98157837,-93.23592187
781,0,"33.9424707, -118.4066671",33.9424707,-118.4066671
782,0,"33.9424834, -118.4066885",33.9424834,-118.4066885
783,0,"33.9424824, -118.4066757",33.9424824,-118.4066757
784,0,"51.44284934, -0.13973305",51.44284934,-0.13973305
785,0,"35.09721018, -89.89624696",35.09721018,-89.89624696
786,0,"33.9424793, -118.4066936",33.9424793,-118.4066936
787,0,"32.79397552, -96.80477419",32.79397552,-96.80477419
788,0,"32.79401294, -96.80478711",32.79401294,-96.80478711
789,0,"51.44283789, -0.13974112",51.44283789,-0.13974112
790,0,"33.55192892, -112.07392397",33.55192892,-112.07392397
791,0,"42.205996, -83.35487329",42.205996,-83.35487329
792,0,"47.62581201, -122.3501506",47.62581201,-122.3501506
793,0,"25.8058716, -80.1255332",25.8058716,-80.1255332
794,1,"27.69523415, -97.34856142",27.69523415,-97.34856142
795,0,"27.69540747, -97.34836874",27.69540747,-97.34836874
796,0,"51.44275382, -0.13962939",51.44275382,-0.13962939
797,2,"40.62967208, -73.90433402",40.62967208,-73.90433402
798,1,"25.79729334, -80.28082058",25.79729334,-80.28082058
799,0,"33.40901961, -111.90976239",33.40901961,-111.90976239
800,1,"33.5333555, -112.1827159",33.5333555,-112.1827159
801,2,"35.2376587, -80.92256446",35.2376587,-80.92256446
802,0,"40.67072447, -73.97727422",40.67072447,-73.97727422
803,2,"24.55401318, -81.80300774",24.55401318,-81.80300774
804,2,"33.94207019, -118.39427775",33.94207019,-118.39427775
805,0,"30.0555099, -95.165959",30.0555099,-95.165959
806,0,"43.6950263, -79.3457844",43.6950263,-79.3457844
807,0,"21.32879526, -157.91846558",21.32879526,-157.91846558
808,0,"25.7977857, -80.2809721",25.7977857,-80.2809721
809,1,"30.2772503, -81.38732586",30.2772503,-81.38732586
810,0,"32.89840957, -97.04456259",32.89840957,-97.04456259
811,0,"32.89873575, -97.04452633",32.89873575,-97.04452633
812,2,"30.33730037, -97.74637026",30.33730037,-97.74637026
813,0,"39.85437802, -104.67127565",39.85437802,-104.67127565
814,0,"40.64859599, -73.79426922",40.64859599,-73.79426922
815,0,"25.79939784, -80.27038889",25.79939784,-80.27038889
816,1,"35.23776431, -80.92233988",35.23776431,-80.92233988
817,0,"32.89772724, -97.03561645",32.89772724,-97.03561645
818,2,"41.9774863, -87.90414419",41.9774863,-87.90414419
819,0,"25.8058675, -80.1260541",25.8058675,-80.1260541
820,0,"25.8058666, -80.126062",25.8058666,-80.126062
821,0,"25.8058656, -80.1260481",25.8058656,-80.1260481
822,0,"35.23770686, -80.92243302",35.23770686,-80.92243302
823,2,"33.93871373, -118.40746172",33.93871373,-118.40746172
824,0,"34.02109254, -118.50287086",34.02109254,-118.50287086
825,0,"35.20493157, -80.92540817",35.20493157,-80.92540817
826,0,"34.02148779, -118.50289643",34.02148779,-118.50289643
827,0,"40.64931132, -73.79263138",40.64931132,-73.79263138
828,0,"40.64935461, -73.79198785",40.64935461,-73.79198785
829,0,"35.2176668, -80.9426912",35.2176668,-80.9426912
830,0,"32.9272165, -97.0396313",32.9272165,-97.0396313
831,0,"38.83598483, -77.10864801",38.83598483,-77.10864801
832,0,"40.46694635, -82.64579149",40.46694635,-82.64579149
833,0,"40.65062011, -73.79171323",40.65062011,-73.79171323
834,2,"35.87912533, -78.79162128",35.87912533,-78.79162128
835,0,"40.64824535, -73.80141955",40.64824535,-73.80141955
836,0,"32.9760867, -96.53332214",32.9760867,-96.53332214
837,2,"25.79101279, -80.28861743",25.79101279,-80.28861743
838,0,"15.1659317, 120.5830548",15.1659317,120.5830548
839,0,"38.85482856, -77.04128223",38.85482856,-77.04128223
840,0,"47.24879409, -122.43874458",47.24879409,-122.43874458
841,2,"40.6474324, -73.7936881",40.6474324,-73.7936881
842,0,"32.97609561, -96.53349238",32.97609561,-96.53349238
843,2,"40.68621427, -74.1793971",40.68621427,-74.1793971
844,2,"44.26313964, -69.78197616",44.26313964,-69.78197616
845,0,"40.80718573, -73.95477259",40.80718573,-73.95477259
846,0,"38.5369071, -106.9349375",38.5369071,-106.9349375
847,0,"38.538038, -106.9370467",38.538038,-106.9370467
848,0,"33.64199395, -84.44238523",33.64199395,-84.44238523
849,0,"32.90771571, -97.04233322",32.90771571,-97.04233322
850,0,"33.93939612, -118.38973148",33.93939612,-118.38973148
851,0,"35.22534456, -106.57241352",35.22534456,-106.57241352
852,0,"40.46692522, -82.64567078",40.46692522,-82.64567078
853,0,"32.9070889, -97.03785947",32.9070889,-97.03785947
854,2,"40.64946781, -73.76624703",40.64946781,-73.76624703
